M_ID,AMPHOE_T,AMPHOE_E,CH_ID,,,,
9101,อ. เมืองสตูล,Mueang Satun,91,,,,
2101,อ. เมืองระยอง,Mueang Rayong,21,,,,
8601,อ. เมืองชุมพร,Mueang Chumphon,86,,,,
8607,อ. สวี,Sawi,86,,,,
4401,อ. เมืองมหาสารคาม,Mueang Maha Sarakham,44,,,,
8404,อ. เกาะสมุย,Ko Samui,84,,,,
2009,อ. สัตหีบ,Sattahip,20,,,,
9210,อ. หาดสำราญ,Hat Samran,92,,,,
8603,อ. ปะทิว,Pathio,86,,,,
8608,อ. ทุ่งตะโก,Thung Tako,86,,,,
2206,อ. แหลมสิงห์,Laem Sing,22,,,,
8206,อ. คุระบุรี,Khura Buri,82,,,,
2306,อ. เกาะกูด,Ko Kut,23,,,,
8505,อ. สุขสำราญ,Suk Samran,85,,,,
9202,อ. กันตัง,Kantang,92,,,,
8403,อ. ดอนสัก,Don Sak,84,,,,
8301,อ. เมืองภูเก็ต,Mueang Phuket,83,,,,
9205,อ. สิเกา,Sikao,92,,,,
2007,อ. ศรีราชา,Si Racha,20,,,,
8101,อ. เมืองกระบี่,Mueang Krabi,81,,,,
8105,อ. อ่าวลึก,Ao Luek,81,,,,
8501,อ. เมืองระนอง,Mueang Ranong,85,,,,
8303,อ. ถลาง,Thalang,83,,,,
2004,อ. บางละมุง,Bang Lamung,20,,,,
2103,อ. แกลง,Klaeng,21,,,,
8503,อ. กะเปอร์,Papoe,85,,,,
8103,อ. เกาะลันตา,Ko Lanta,81,,,,
8405,อ. เกาะพะงัน,Ko Pha-ngan,84,,,,
2202,อ. ขลุง,Khlung,22,,,,
1001,เขต พระนคร,Phra Nakhon,10,,,,
8202,อ. เกาะยาว,Ko Yao,82,,,,
9204,อ. ปะเหลียน,Palian,92,,,,
8108,อ. เหนือคลอง,Nuea Khlong,81,,,,
2203,อ. ท่าใหม่,Tha Mai,22,,,,
2307,อ. เกาะช้าง,Ko Chang,23,,,,
1002,เขต ดุสิต,Dusit,10,,,,
1008,เขต ป้อมปราบศัตรูพ่าย,Pom Prap Sattruphai,10,,,,
1013,เขต สัมพันธวงศ์,Samphanthawong,10,,,,
2001,อ. เมืองชลบุรี,Mueang Chon Buri,20,,,,
1004,เขต บางรัก,Bang Rak,10,,,,
8604,อ. หลังสวน,Lang Suan,86,,,,
8015,อ. ขนอม,Khanom,80,,,,
7401,อ. เมืองสมุทรสาคร,Mueang Samut Sakhon,74,,,,
1015,เขต ธนบุรี,Thon Buri,10,,,,
1018,เขต คลองสาน,Khlong San,10,,,,
1022,เขต ภาษีเจริญ,Phasi Charoen,10,,,,
1412,อ. เสนา,Sena,14,,,,
1016,เขต บางกอกใหญ่,Bangkok Yai,10,,,,
1601,อ. เมืองลพบุรี,Mueang Lop Buri,16,,,,
1104,อ. พระประแดง,Phra Pradaeng,11,,,,
1501,อ. เมืองอ่างทอง,Mueang Ang Thong,15,,,,
1037,เขต ราชเทวี,Rat Thewi,10,,,,
1019,เขต ตลิ่งชัน,Taling Chan,10,,,,
1401,อ. พระนครศรีอยุธยา,Phra Nakhon Si Ayutthaya,14,,,,
1007,เขต ปทุมวัน,Pathum Wan,10,,,,
9401,อ. เมืองปัตตานี,Mueang Pattani,94,,,,
5001,อ. เมืองเชียงใหม่,Mueang Chiang Mai,50,,,,
1803,อ. วัดสิงห์,Wat Sing,18,,,,
1020,เขต บางกอกน้อย,Bangkok Noi,10,,,,
1031,เขต บางคอแหลม,Bang Kho Laem,10,,,,
1204,อ. บางบัวทอง,Bang Bua Thong,12,,,,
1801,อ. เมืองชัยนาท,Mueang Chai Nat,18,,,,
5308,อ. ลับแล,Laplae,53,,,,
1033,เขต คลองเตย,Khlong Toei,10,,,,
1028,เขต สาทร,Sa Thon,10,,,,
4010,อ. บ้านไผ่,Ban Phai,40,,,,
1039,เขต วัฒนา,Watthana,10,,,,
8001,อ. เมืองนครศรีธรรมราช,Mueang Nakhon Si Thammarat,80,,,,
6003,อ. ชุมแสง,Chum Saeng,60,,,,
1025,เขต บางพลัด,Bang Phlat,10,,,,
1206,อ. ปากเกร็ด,Pak Kret,12,,,,
7601,อ. เมืองเพชรบุรี,Mueang Phetchaburi,76,,,,
1701,อ. เมืองสิงห์บุรี,Mueang Sing Buri,17,,,,
7502,อ. บางคนที,Bang Khonthi,75,,,,
7005,อ. บ้านโป่ง,Ban Pong,70,,,,
2601,อ. เมืองนครนายก,Mueang Nakhon Nayok,26,,,,
1408,อ. ผักไห่,Phak Hai,14,,,,
1902,อ. แก่งคอย,Kaeng Khoi,19,,,,
1035,เขต จอมทอง,Chom Thong,10,,,,
7303,อ. นครชัยศรี,Nakhon Chai Si,73,,,,
1202,อ. บางกรวย,Bang Kruai,12,,,,
7503,อ. อัมพวา,Amphawa,75,,,,
2006,อ. พนัสนิคม,Phanat Nikhom,20,,,,
7105,อ. ท่ามะกา,Tha Maka,71,,,,
1301,อ. เมืองปทุมธานี,Mueang Pathum Thani,13,,,,
1901,อ. เมืองสระบุรี,Mueang Saraburi,19,,,,
6501,อ. เมืองพิษณุโลก,Mueang Phitsanulok,65,,,,
1404,อ. บางไทร,Bang Sai,14,,,,
2401,อ. เมืองฉะเชิงเทรา,Mueang Chachoengsao,24,,,,
1502,อ. ไชโย,Chaiyo,15,,,,
5701,อ. เมืองเชียงราย,Mueang Chiang Rai,57,,,,
7007,อ. โพธาราม,Photharam,70,,,,
9008,อ. กระแสสินธุ์,Krasae Sin,90,,,,
5013,อ. สันกำแพง,San Kamphaeng,50,,,,
1307,อ. สามโคก,Sam Khok,13,,,,
1101,อ. เมืองสมุทรปราการ,Mueang Samut Prakan,11,,,,
7606,อ. บ้านลาด,Ban Lat,76,,,,
1201,อ. เมืองนนทบุรี,Mueang Nonthaburi,12,,,,
1402,อ. ท่าเรือ,Tha Ruea,14,,,,
9403,อ. หนองจิก,Nong Chik,94,,,,
1910,อ. เสาไห้,Sao Hai,19,,,,
7501,อ. เมืองสมุทรสงคราม,Mueang Samut Songkhram,75,,,,
9011,อ. หาดใหญ่,Hat Yai,90,,,,
5015,อ. หางดง,Hang Dong,50,,,,
5106,อ. ป่าซาง,Pa Sang,51,,,,
1407,อ. บางปะหัน,Bang Pahan,14,,,,
8201,อ. เมืองพังงา,Mueang Phang-nga,82,,,,
5011,อ. พร้าว,Phrao,50,,,,
1416,อ. บ้านแพรก,Ban Phraek,14,,,,
4301,อ. เมืองหนองคาย,Mueang Nong Khai,43,,,,
3401,อ. เมืองอุบลราชธานี,Mueang Ubon Ratchathani,34,,,,
6401,อ. เมืองสุโขทัย,Mueang Sukhothai,64,,,,
7301,อ. เมืองนครปฐม,mueang Nakhon Pathom,73,,,,
9105,อ. ละงู,La-ngu,91,,,,
5601,อ. เมืองพะเยา,Mueang Phayao,56,,,,
7402,อ. กระทุ่มแบน,Krathum Baen,74,,,,
2201,อ. เมืองจันทบุรี,Mueang Chanthaburi,22,,,,
5005,อ. ดอยสะเก็ด,Doi Saket,50,,,,
1415,อ. มหาราช,Maha Rat,14,,,,
8205,อ. ตะกั่วป่า,Takua Pa,82,,,,
1414,อ. อุทัย,Uthai,14,,,,
9007,อ. ระโนด,Ranot,90,,,,
5101,อ. เมืองลำพูน,Mueang Lamphun,51,,,,
1017,เขต ห้วยขวาง,Huai Khwang,10,,,,
6105,อ. หนองขาหย่าง,Nong Khayang,61,,,,
8401,อ. เมืองสุราษฎร์ธานี,Mueang Surat Thani,84,,,,
9409,อ. ยะหริ่ง,Yaring,94,,,,
1405,อ. บางบาล,Bang Ban,14,,,,
1406,อ. บางปะอิน,Bang Pa-in,14,,,,
5022,อ. แม่วาง,Mae Wang,50,,,,
5019,อ. สารภี,Saraphi,50,,,,
1012,เขต ยานนาวา,Yannawa,10,,,,
5401,อ. เมืองแพร่,Mueang Phrae,54,,,,
1504,อ. โพธิ์ทอง,Pho Thong,15,,,,
6703,อ. หล่มสัก,Lom Sak,67,,,,
5801,อ. เมืองแม่ฮ่องสอน,Mueang Mae Hong Son,58,,,,
7004,อ. ดำเนินสะดวก,Damnoen Saduak,70,,,,
1403,อ. นครหลวง,Nakhon Luang,14,,,,
1024,เขต ราษฎร์บูรณะ,Rat Burana,10,,,,
3101,อ. เมืองบุรีรัมย์,Mueang Buri Ram,31,,,,
1503,อ. ป่าโมก,Pa Mok,15,,,,
5014,อ. สันทราย,San Sai,50,,,,
5007,อ. แม่ริม,Mae Rim,50,,,,
5404,อ. สูงเม่น,Sung Men,54,,,,
6604,อ. ตะพานหิน,Taphan Hin,66,,,,
1041,เขต หลักสี่,Lak Si,10,,,,
1038,เขต ลาดพร้าว,Lat Phrao,10,,,,
9001,อ. เมืองสงขลา,Muaeng Songkhla,90,,,,
5501,อ. เมืองน่าน,Mueang Nan,55,,,,
6605,อ. บางมูลนาก,Bang Mun Nak,66,,,,
9405,อ. มายอ,Mayo,94,,,,
6407,อ. สวรรคโลก,Sawankhalok,64,,,,
9408,อ. ไม้แก่น,Mai Kaen,94,,,,
1905,อ. หนองแซง,Nong Saeng,19,,,,
7306,อ. สามพราน,Sam Phran,73,,,,
9506,อ. รามัน,Raman,95,,,,
2008,อ. เกาะสีชัง,Ko Sichang,20,,,,
1506,อ. วิเศษชัยชาญ,Wiset Chai Chan,15,,,,
7202,อ. เดิมบางนางบวช,Doem Bang Nang Buat,72,,,,
7201,อ. เมืองสุพรรณบุรี,Mueang Saphan Buri,72,,,,
2402,อ. บางคล้า,Bang Khla,24,,,,
9501,อ. เมืองยะลา,Mueang Yala,95,,,,
1203,อ. บางใหญ่,Bang Yai,12,,,,
2405,อ. บ้านโพธิ์,Ban Pho,24,,,,
6101,อ. เมืองอุทัยธานี,Mueang Uthai Thani,61,,,,
9201,อ. เมืองตรัง,Mueang Trang,92,,,,
3018,อ. สูงเนิน,Sung Noen,30,,,,
3415,อ. วารินชำราบ,Warin Chamrap,34,,,,
6406,อ. ศรีสำโรง,Si Samrong,64,,,,
9410,อ. ยะรัง,Yarang,94,,,,
6701,อ. เมืองเพชรบูรณ์,Mueang Phetchabun,67,,,,
5408,อ. หนองม่วงไข่,Nong Muang Khai,54,,,,
1606,อ. บ้านหมี่,Ban Mi,16,,,,
7008,อ. ปากท่อ,Pak Tho,70,,,,
7106,อ. ท่าม่วง,Tha Muang,71,,,,
7607,อ. บ้านแหลม,Ban Laem,76,,,,
2005,อ. พานทอง,Phan Thong,20,,,,
8019,อ. จุฬาภรณ์,Chulabhorn,80,,,,
1903,อ. หนองแค,Nong Khae,19,,,,
9002,อ. สทิงพระ,Sathing Phra,90,,,,
2501,อ. เมืองปราจีนบุรี,Mueang Prachin Buri,25,,,,
5024,อ. ดอยหล่อ,Doi Lo,50,,,,
6301,อ. เมืองตาก,Mueang Tak,63,,,,
1409,อ. ภาชี,Phachi,14,,,,
7001,อ. เมืองราชบุรี,Mueang Ratchaburi,70,,,,
1705,อ. ท่าช้าง,Tha Chang,17,,,,
4506,อ. พนมไพร,Phanom Phrai,45,,,,
9015,อ. สิงหนคร,Singhanakhon,90,,,,
3419,อ. พิบูลมังสาหาร,Phibun Mangsahan,34,,,,
8417,อ. พุนพิน,Phunphin,84,,,,
1026,เขต ดินแดง,Din Daeng,10,,,,
3001,อ. เมืองนครราชสีมา,Mueang Nakhon Ratchasima,30,,,,
4805,อ. ธาตุพนม,That Phanom,48,,,,
4801,อ. เมืองนครพนม,Mueang Nakhon Phanom,48,,,,
5006,อ. แม่แตง,Mae Taeng,50,,,,
1105,อ. พระสมุทรเจดีย์,Phra Samut Chedi,11,,,,
8009,อ. ทุ่งสง,Thung Song,80,,,,
1704,อ. พรหมบุรี,Phrom Buri,17,,,,
1014,เขต พญาไท,Phaya Thai,10,,,,
1608,อ. สระโบสถ์,Sa Bot,16,,,,
5012,อ. สันป่าตอง,San Pa Tong,50,,,,
4901,อ. เมืองมุกดาหาร,Mueang Mukdahan,49,,,,
2706,อ. อรัญประเทศ,Aranyaprathet,27,,,,
1040,เขต บางแค,Bang Khae,10,,,,
9407,อ. สายบุรี,Sai Buri,94,,,,
9404,อ. ปะนาเระ,Panare,94,,,,
7605,อ. ท่ายาง,Tha Yang,76,,,,
1605,อ. ท่าวุ้ง,Tha Wung,16,,,,
4101,อ. เมืองอุดรธานี,Mueang Udon Thani,41,,,,
8006,อ. เชียรใหญ่,Chian Yai,80,,,,
5205,อ. งาว,Ngao,52,,,,
4812,อ. วังยาง,Wang Yang,48,,,,
1046,เขต คลองสามวา,Khlong Sam Wa,10,,,,
1907,อ. ดอนพุด,Don Phut,19,,,,
4104,อ. กุมภวาปี,Kumphawapi,41,,,,
2404,อ. บางปะกง,Bang Pakong,24,,,,
3305,อ. ขุขันธ์,Khukhan,33,,,,
3014,อ. ปักธงชัย,Pak Thong Chai,30,,,,
6601,อ. เมืองพิจิตร,Mueang Phichit,66,,,,
9402,อ. โคกโพธิ์,Khok Pho,94,,,,
5201,อ. เมืองลำปาง,Mueang Lampang,52,,,,
2411,อ. คลองเขื่อน,Khlong Khuean,24,,,,
5603,อ. เชียงคำ,Chiang Kham,56,,,,
9003,อ. จะนะ,Chana,90,,,,
5707,อ. แม่จัน,Mae Chan,57,,,,
6104,อ. หนองฉาง,Nong Chang,61,,,,
3501,อ. เมืองยโสธร,Mueang Yasothon,35,,,,
4906,อ. ว่านใหญ่,Wan Yai,49,,,,
9208,อ. นาโยง,Na Yong,92,,,,
9301,อ. เมืองพัทลุง,Mueang Phatthalung,93,,,,
7009,อ. วัดเพลง,Wat Phleng,70,,,,
4501,อ. เมืองร้อยเอ็ด,Mueang Roi Et,45,,,,
1906,อ. บ้านหมอ,Ban Mo,19,,,,
9014,อ. บางกล่ำ,Bang Klam,90,,,,
4516,อ. ศรีสมเด็จ,Si Somdet,45,,,,
8016,อ. หัวไทร,Hua Sai,80,,,,
6001,อ. เมืองนครสวรรค์,Mueang Nakhon Sawan,60,,,,
1011,เขต ลาดกระบัง,Lat Krabang,10,,,,
1913,อ. เฉลิมพระเกียรติ,Chaloem Phra Kiet,19,,,,
1505,อ. แสวงหา,Sawaeng Ha,15,,,,
3110,อ. ลำปลายมาศ,Lam Plai Mat,31,,,,
7602,อ. เขาย้อย,Khao Yoi,76,,,,
7403,อ. บ้านแพ้ว,Ban Phaeo,74,,,,
7302,อ. กำแพงแสน,Kamphaeng Saen,73,,,,
2508,อ. ศรีมหาโพธิ,Si Maha Phot,25,,,,
7304,อ. ดอนตูม,Don Tum,73,,,,
6102,อ. ทัพทัน,Thap Than,61,,,,
3310,อ. อุทุมพรพิสัย,Uthumphon Phisai,33,,,,
2302,อ. คลองใหญ่,Khlong Yai,23,,,,
9102,อ. ควนโดน,Khuan Don,91,,,,
6404,อ. กงไกรลาศ,Kong Krailat,64,,,,
7204,อ. บางปลาม้า,Bang Pla Ma,72,,,,
2602,อ. ปากพลี,Pak Phli,26,,,,
1049,เขต ทุ่งครุ,Thung Khu,10,,,,
1909,อ. พระพุทธบาท,Phra Phutthabat,19,,,,
1006,เขต บางกะปิ,Bang Kapi,10,,,,
8012,อ. ปากพนัง,Pak Phanang,80,,,,
9206,อ. ห้วยยอด,Huai Yot,92,,,,
1706,อ. อินทร์บุรี,In Buri,17,,,,
9601,อ. เมืองนราธิวาส,Mueang Narathiwat,96,,,,
1042,เขต สายไหม,Sai Mai,10,,,,
5506,อ. ท่าวังผา,Tha Wang Pha,55,,,,
9306,อ. ปากพะยูน,Pak Phayun,93,,,,
6006,อ. เก้าเลี้ยว,Kao Liao,60,,,,
8406,อ. ไชยา,Chaiya,84,,,,
1032,เขต ประเวศ,Prawet,10,,,,
6704,อ. หล่มเก่า,Lom Kao,67,,,,
4517,อ. จังหาร,Changhan,45,,,,
4201,อ. เมืองเลย,Mueang Loei,42,,,,
1603,อ. โคกสำโรง,Khok Samrong,16,,,,
4604,อ. ร่องคำ,Rong Kham,46,,,,
3010,อ. โนนสูง,Non Sung,30,,,,
1029,เขต บางซื่อ,Bang Su,10,,,,
5108,อ. เวียงหนองล่อง,Wiang Nong Long,51,,,,
3116,อ. ห้วยราช,Huai Rat,31,,,,
2507,อ. ประจันตคาม,Prachantakham,25,,,,
1009,เขต พระโขนง,Phra Khanong,10,,,,
1102,อ. บางบ่อ,Bang Bo,11,,,,
4410,อ. นาดูน,Na Dun,44,,,,
7307,อ. พุทธมณฑล,Phutthamonthon,73,,,,
1413,อ. บางซ้าย,Bang Sai,14,,,,
1507,อ. สามโก้,Samko,15,,,,
4510,อ. เสลภูมิ,Selaphum,45,,,,
2105,อ. บ้านค่าย,Ban Khai,21,,,,
3201,อ. เมืองสุรินทร์,Mueang Surin,32,,,,
4016,อ. ภูเวียง,Phu Wiang,40,,,,
3311,อ. บึงบูรพ์,Bueng Bun,33,,,,
7207,อ. สองพี่น้อง,Song Phi Nong,72,,,,
5514,อ. ภูเพียง,Phu Phiang,55,,,,
8504,อ. กระบุรี,Kra Buri,85,,,,
1805,อ. สรรคบุรี,Sankhaburi,18,,,,
2603,อ. บ้านนา,Ban Na,26,,,,
5021,อ. ไชยปราการ,Chai Prakan,50,,,,
5406,อ. สอง,Song,54,,,,
5301,อ. เมืองอุตรดิตถ์,Mueang Uttaradit,53,,,,
4511,อ. สุวรรณภูมิ,Suwannaphum,45,,,,
1305,อ. ลาดหลุมแก้ว,Lat Lum Kaeo,13,,,,
9004,อ. นาทวี,Na Thawi,90,,,,
7701,อ. เมืองประจวบคีรีขันธ์,Mueang Prachuap Khiri Khan,77,,,,
4806,อ. เรณูนคร,Renu Nakhon,48,,,,
1303,อ. ธัญบุรี,Thanyaburi,13,,,,
1703,อ. ค่ายบางระจัน,Khai Bang Rachan,17,,,,
4809,อ. นาหว้า,Na Wa,48,,,,
4124,อ. กู่แก้ว,Ku Kaeo,41,,,,
7006,อ. บางแพ,Bang Phae,70,,,,
1702,อ. บางระจัน,Bang Rachan,17,,,,
4020,อ. ภูผาม่าน,Phu Phaman,40,,,,
4606,อ. เขาวง,Khao Wong,46,,,,
9106,อ. ทุ่งหว้า,Thung Wa,91,,,,
3613,อ. คอนสาร,Khon San,36,,,,
3404,อ. เขื่องใน,Khueang Nai,34,,,,
5607,อ. แม่ใจ,Mae Chai,56,,,,
4907,อ. หนองสูง,Nong Sung,49,,,,
1604,อ. ชัยบาดาล,Chai Badan,16,,,,
3301,อ. เมืองศรีสะเกษ,Mueang Si Sa Ket,33,,,,
5203,อ. เกาะคา,Ko kha,52,,,,
3212,อ. สำโรงทาบ,Samrong Thap,32,,,,
1003,เขต หนองจอก,Nong Chok,10,,,,
4518,อ. เชียงขวัญ,Chiang Khwan,45,,,,
1047,เขต บางนา,Bang Na,10,,,,
5609,อ. ภูกามยาว,Phu Kamyao,56,,,,
3321,อ. โพธิ์ศรีสุวรรณ,Pho Si Suwan,33,,,,
4505,อ. ธวัชบุรี,Thawat Buri,45,,,,
1023,เขต หนองแขม,Nong Khaem,10,,,,
1411,อ. วังน้อย,Wang Noi,14,,,,
3016,อ. ห้วยแถลง,Huai Thalaeng,30,,,,
8002,อ. พรหมคีรี,Phrom Khiri,80,,,,
1804,อ. สรรพยา,Sapphaya,18,,,,
5605,อ. ดอกคำใต้,Dok Khamtai,56,,,,
5608,อ. ภูซาง,Phu Sang,56,,,,
9303,อ. เขาชัยสน,Khao Chaison,93,,,,
6002,อ. โกรกพระ,Krok Phra,60,,,,
5402,อ. ร้องกวาง,Mueang Phrae,54,,,,
9311,อ. ศรีนครินทร์,Srinagarindra,93,,,,
4408,อ. พยัคฆภูมิพิสัย,Phayakkhaphum Phisai,44,,,,
9209,อ. รัษฎา,Ratsada,92,,,,
4905,อ. คำชะอี,Khamcha-i,49,,,,
3422,อ. สำโรง,Samrong,34,,,,
4701,อ. เมืองสกลนคร,Mueang Sakon Nakhon,47,,,,
3104,อ. นางรอง,Nang Rong,31,,,,
5505,อ. ปัว,Pua,55,,,,
1045,เขต วังทองหลาง,Wang Thong Lang,10,,,,
4520,อ. ทุ่งเขาหลวง,Thung Khao Luang,45,,,,
6201,อ. เมืองกำแพงเพชร,Mueang Kamphaeng Phet,62,,,,
7305,อ. บางเลน,Bang Len,73,,,,
7109,อ. พนมทวน,Phanom Thuan,71,,,,
4111,อ. บ้านดุง,Ban Dung,41,,,,
4012,อ. พล,Phon,40,,,,
1005,เขต บางเขน,Bang Khen,10,,,,
9603,อ. บาเจาะ,Tak Bai,96,,,,
6306,อ. แม่สอด,Mae Sot,63,,,,
9604,อ. ยี่งอ,Yi-ngo,96,,,,
3411,อ. ตระการพืชผล,Trakan Phuet Phon,34,,,,
8023,อ. เฉลิมพระเกียรติ,Chaloem Phra Kiet,80,,,,
4404,อ. กันทรวิชัย,Kantharawichai,44,,,,
6609,อ. สากเหล็ก,Sak Lek,66,,,,
8502,อ. ละอุ่น,La-un,85,,,,
9610,อ. สุไหงโก-ลก,Su-ngai Kolok,96,,,,
4514,อ. อาจสามารถ,At Samat,45,,,,
9505,อ. ยะหา,Yaha,95,,,,
9602,อ. ตากใบ,Tak Bai,96,,,,
1410,อ. ลาดบัวหลวง,Lat Bua Luang,14,,,,
3504,อ. คำเขื่อนแก้ว,Kham Khuean Kaeo,35,,,,
9203,อ. ย่านตาขาว,Yan Ta Khao,92,,,,
1904,อ. วิหารแดง,Wihan Daeng,19,,,,
4803,อ. ท่าอุเทน,Tha Uthen,48,,,,
3204,อ. จอมพระ,Chom Phra,32,,,,
1048,เขต ทวีวัฒนา,Thawi Watthana,10,,,,
5803,อ. ปาย,Pai,58,,,,
4609,อ. สหัสขันธ์,Sahatsakhan,46,,,,
6007,อ. ตาคลี,Takhli,60,,,,
3105,อ. หนองกี่,Nong Ki,31,,,,
4005,อ. ชุมแพ,Chum Phae,40,,,,
3602,อ. บ้านเขว้า,Ban Khwao,36,,,,
9305,อ. ควนขนุน,Khuan Khanun,93,,,,
8402,อ. กาญจนดิษฐ์,Kanchanadit,84,,,,
3309,อ. ราษีไศล,Rasi Salai,33,,,,
8004,อ. ฉวาง,Chawang,80,,,,
2301,อ. เมืองตราด,Mueang Trat,23,,,,
4605,อ. กุฉินารายณ์,Kuchinarai,46,,,,
4707,อ. นิคมน้ำอูน,Nikhom Nam un,47,,,,
3308,อ. ขุนหาญ,Khun Han,33,,,,
4504,อ. จตุรพักตรพิมาน,Chaturaphak Phiman,45,,,,
2305,อ. แหลมงอบ,Laem Ngop,23,,,,
7209,อ. อู่ทอง,U Thong,72,,,,
6505,อ. บางกระทุ่ม,Bang Krathum,65,,,,
4608,อ. ห้วยเม็ก,Huai Mek,46,,,,
4403,อ. โกสุมพิสัย,Kosum Phisai,44,,,,
4405,อ. เชียงยืน,Chiang Yuen,44,,,,
4411,อ. ยางสีสุราช,Yang Sisurat,44,,,,
3208,อ. สนม,Sanom,32,,,,
2002,อ. บ้านบึง,Ban Bueng,20,,,,
4708,อ. วานรนิวาส,Wanon Niwat,47,,,,
8302,อ. กะทู้,Kathu,83,,,,
4011,อ. เปือยน้อย,Pueai Noi,40,,,,
3306,อ. ไพรบึง,Phrai Bueng,33,,,,
4508,อ. โพธิ์ชัย,Pho Chai,45,,,,
5705,อ. พาน,Phan,57,,,,
4515,อ. เมยวดี,Moei Wadi,45,,,,
4612,อ. หนองกุงศรี,Nong Kung Si,46,,,,
9411,อ. กะพ้อ,Kapho,94,,,,
4018,อ. ชนบท,Chonnabot,40,,,,
4706,อ. วาริชภูมิ,Waritchaphum,47,,,,
2509,อ. ศรีมโหสถ,Si Mahosot,25,,,,
5210,อ. แม่ทะ,Mae Tha,52,,,,
9412,อ. แม่ลาน,Mae Lan,94,,,,
9608,อ. แว้ง,Waeng,96,,,,
3303,อ. กันทรารมย์,Kanthararom,33,,,,
4025,อ. โนนศิลา,Non Sila,40,,,,
8008,อ. ท่าศาลา,Tha Sala,80,,,,
4618,อ. ฆ้องชัย,Khong Chai,46,,,,
7604,อ. ชะอำ,Cha-am,76,,,,
6010,อ. พยุหะคีรี,Phayuha Hkiri,60,,,,
5709,อ. แม่สาย,Mae Sai,57,,,,
5023,อ. แม่ออน,Mae On,50,,,,
7703,อ. ทับสะแก,Thap Sakae,77,,,,
3701,อ. เมืองอำนาจเจริญ,Mueang Amnat Charoen,37,,,,
3906,อ. นาวัง,Na Wang,39,,,,
3316,อ. วังหิน,Wang Hin,33,,,,
8007,อ. ชะอวด,Cha-uat,80,,,,
6004,อ. หนองบัว,Nong Bua,60,,,,
4807,อ. นาแก,Na Kae,48,,,,
5017,อ. ดอยเต่า,Doi Tao,50,,,,
9406,อ. ทุ่งยางแดง,Thung Yang Daeng,94,,,,
2406,อ. พนมสารคาม,Phanom Sarakham,24,,,,
8020,อ. พระพรหม,Phra Phrom,80,,,,
4507,อ. โพนทอง,Phon Thong,45,,,,
4106,อ. หนองหาน,Nong Saeng,41,,,,
3506,อ. มหาชนะชัย,Maha Chana Chai,35,,,,
3707,อ. ลืออำนาจ,Lue Amnat,37,,,,
4302,อ. ท่าบ่อ,Tha Bo,43,,,,
4406,อ. บรบือ,Borabue,44,,,,
3603,อ. คอนสวรรค์,Khon Sawan,36,,,,
4021,อ. ซำสูง,Sam Sung,40,,,,
7205,อ. ศรีประจันต์,Si Prachan,72,,,,
9309,อ. บางแก้ว,Bang Kaeo,93,,,,
4607,อ. ยางตลาด,Yang Talat,46,,,,
4107,อ. ทุ่งฝน,Thung Fon,41,,,,
3205,อ. ปราสาท,Prasat,32,,,,
4120,อ. สร้างคอม,Sang Khom,41,,,,
3905,อ. สุวรรณคูหา,Suwannakhuha,39,,,,
3802,อ. พรเจริญ,Phon Charoen,38,,,,
1302,อ. คลองหลวง,khlong Luang,13,,,,
4409,อ. วาปีปทุม,Wapi Pathum,44,,,,
9612,อ. จะแนะ,Chanae,96,,,,
1306,อ. ลำลูกกา,Lam Luk Ka,13,,,,
1106,อ. บางเสาธง,Bang Sao Thong,11,,,,
3217,อ. โนนนารายณ์,Non Narai,32,,,,
1027,เขต บึงกุ่ม,Bung Kum,10,,,,
4601,อ. เมืองกาฬสินธุ์,Mueang Kalasin,46,,,,
1205,อ. ไทรน้อย,Sai Noi,12,,,,
3118,อ. ชำนิ,Chamni,31,,,,
9611,อ. สุไหงปาดี,Su-ngai Padi,96,,,,
9012,อ. นาหม่อม,Na Mom,90,,,,
1802,อ. มโนรมย์,Manorom,18,,,,
3302,อ. ยางชุมน้อย,Yang Chum Noi,33,,,,
3402,อ. ศรีเมืองใหม่,Si Mueang Mai,34,,,,
5303,อ. ท่าปลา,Tha Pla,53,,,,
4519,อ. หนองฮี,Nong Hi,45,,,,
1034,เขต สวนหลวง,Suan Luang,10,,,,
4407,อ. นาเชือก,Na Chueak,44,,,,
3022,อ. หนองบุญมาก,Nong Bunmak,30,,,,
3012,อ. บัวใหญ่,Bua Yai,30,,,,
3032,อ. เฉลิมพระเกียรติ,Chaloem Phra Kiet,30,,,,
3425,อ. สิรินธร,Sirindhorn,34,,,,
6506,อ. พรหมพิราม,Phrom Phiram,65,,,,
4003,อ. พระยืน,Phra Yuen,40,,,,
3318,อ. เมืองจันทร์,Mueang Chan,33,,,,
8408,อ. คีรีรัฐนิคม,Khiri Rat Nikhom,84,,,,
1010,เขต มีนบุรี,Min Buri,10,,,,
1103,อ. บางพลี,Bang Phli,11,,,,
3007,อ. โชคชัย,Chok Chai,30,,,,
4616,อ. นาคู,Na Khu,46,,,,
5716,อ. แม่ลาว,Mae Lao,57,,,,
4009,อ. กระนวน,Kranuan,40,,,,
8413,อ. บ้านนาเดิม,Ban Na Doem,84,,,,
4613,อ. สมเด็จ,Somdet,46,,,,
3320,อ. พยุห์,Phayu,33,,,,
4402,อ. แกดำ,Kae Dam,44,,,,
4307,อ. ศรีเชียงใหม่,Si Chiang Mai,43,,,,
3307,อ. ปรางค์กู่,Prang Ku,33,,,,
3121,อ. บ้านด่าน,Ban Dan,31,,,,
2604,อ. องครักษ์,Ongkharak,26,,,,
4413,อ. ชื่นชม,Chuen Chom,44,,,,
3031,อ. สีดา,Sida,30,,,,
9302,อ. กงหรา,Kong Ra,93,,,,
1043,เขต คันนายาว,Khanna Yao,10,,,,
4603,อ. กมลาไสย,Kamalasai,46,,,,
3114,อ. หนองหงส์,Nong Hong,31,,,,
6606,อ. โพทะเล,Pho Thale,66,,,,
3005,อ. บ้านเหลื่อม,Ban Lueam,30,,,,
4007,อ. น้ำพอง,Nam Phong,40,,,,
5509,อ. เชียงกลาง,Chiang Klang,55,,,,
5507,อ. เวียงสา,Wiang Sa,55,,,,
3312,อ. ห้วยทับทัน,Huai Thap Than,33,,,,
3119,อ. บ้านใหม่ไชยพจน์,Ban Mai Chaiyaphot,31,,,,
4610,อ. คำม่วง,Kham Muang,46,,,,
3601,อ. เมืองชัยภูมิ,Mueang Chaiyaphum,36,,,,
2506,อ. บ้านสร้าง,Ban Sang,25,,,,
1908,อ. หนองโดน,Nong Don,19,,,,
5704,อ. เทิง,Thoeng,57,,,,
4512,อ. เมืองสรวง,Mueang Suang,45,,,,
3112,อ. ปะคำ,Pakham,31,,,,
4317,อ. โพธิ์ตาก,Pho Tak,43,,,,
6011,อ. ลาดยาว,Lat Yao,60,,,,
5302,อ. ตรอน,Tron,53,,,,
3002,อ. ครบุรี,Khon Buri,30,,,,
3107,อ. ประโคนชัย,Prakhon Chai,31,,,,
3304,อ. กันทรลักษ์,Kantharalak,33,,,,
1044,เขต สะพานสูง,Saphan Sung,10,,,,
3414,อ. ม่วงสามสิบ,Muang Sam Sip,34,,,,
4903,อ. ดอนตาล,Don Tan,49,,,,
3103,อ. กระสัง,Krasang,31,,,,
5102,อ. แม่ทา,Mae Tha,51,,,,
3322,อ. ศิลาลาด,Sila Lat,33,,,,
9607,อ. ศรีสาคร,Si Sakhon,96,,,,
6206,อ. พรานกระต่าย,Phran Kratai,62,,,,
2502,อ. กบินทร์บุรี,Kabin Buri,25,,,,
6408,อ. ศรีนคร,Si Nakhon,64,,,,
4117,อ. บ้านผือ,Ban Phue,41,,,,
3431,อ. เหล่าเสือโก้ก,Lao Suea Kok,34,,,,
2209,อ. นายายอาม,Na Yai Am,22,,,,
6405,อ. ศรีสัชนาลัย,Si Satchanalai,64,,,,
3314,อ. ศรีรัตนะ,Si Rattana,33,,,,
7702,อ. กุยบุรี,Kui Buri,77,,,,
3120,อ. โนนดินแดง,Non Din Daeng,31,,,,
5403,อ. ลอง,Long,54,,,,
3706,อ. หัวตะพาน,Hua Taphan,37,,,,
4013,อ. แวงใหญ่,Waeng Yai,40,,,,
4015,อ. หนองสองห้อง,Nong Song Hong,40,,,,
6403,อ. คีรีมาศ,Khiri Mat,64,,,,
5103,อ. บ้านโฮ่ง,Ban Hong,51,,,,
7208,อ. สามชุก,Sam Chuk,72,,,,
5405,อ. เด่นชัย,Den Chai,54,,,,
4008,อ. อุบลรัตน์,Ubolratana,40,,,,
3013,อ. ประทาย,Prathai,30,,,,
5706,อ. ป่าแดด,Pa Daet,57,,,,
4019,อ. เขาสวนกวาง,Khao Suan Kwang,40,,,,
1610,อ. ลำสนธิ,Lam Sonthi,16,,,,
3904,อ. ศรีบุญเรือง,Si Bun Rueang,39,,,,
1806,อ. หันคา,Hankha,18,,,,
4205,อ. ด่านซ้าย,Dan Sai,42,,,,
8013,อ. ร่อนพิบูลย์,Ron Phibun,80,,,,
6611,อ. ดงเจริญ,Dong Charoen,66,,,,
3029,อ. ลำทะเมนชัย,Lamtaman Chai,30,,,,
4802,อ. ปลาปาก,Pla Pak,48,,,,
4712,อ. สว่างแดนดิน,Sawang Daen Din,47,,,,
3111,อ. สตึก,Satuek,31,,,,
3207,อ. รัตนบุรี,Rattanaburi,32,,,,
3109,อ. พุทไธสง,Phutthaisong,31,,,,
9013,อ. ควนเนียง,Khuan Niang,90,,,,
3008,อ. ด่านขุนทด,Dan Khun Thot,30,,,,
4316,อ. รัตนวาปี,Rattanawapi,43,,,,
9606,อ. รือเสาะ,Rueso,96,,,,
3216,อ. เขวาสินรินทร์,Khwao Sinarin,32,,,,
4503,อ. ปทุมรัตต์,Pathum Rat,45,,,,
3901,อ. เมืองหนองบัวลำภู,Mueang Nong Bua Lam Phu,39,,,,
5010,อ. แม่อาย,Mae Ai,50,,,,
8412,อ. บ้านนาสาร,Ban Na San,84,,,,
9310,อ. ป่าพยอม,Pa Phayom,93,,,,
4804,อ. บ้านแพง,Ban Phaeng,48,,,,
2403,อ. บางน้ำเปรี้ยว,Bang Nam Priao,24,,,,
4715,อ. โคกศรีสุพรรณ,Khok Si Suphan,47,,,,
4006,อ. สีชมพู,Si Chomphu,40,,,,
3011,อ. ขามสะแกแสง,Kham Sakaesaeng,30,,,,
4004,อ. หนองเรือ,Nong Ruea,40,,,,
4513,อ. โพนทราย,Phon Sai,45,,,,
7707,อ. หัวหิน,Hua Hin,77,,,,
3123,อ. เฉลิมพระเกียรติ,Chaloem Phra Kiet,31,,,,
3315,อ. น้ำเกลี้ยง,Nam Kliang,33,,,,
3009,อ. โนนไทย,Non Thai,30,,,,
6205,อ. คลองขลุง,Khlong Khlung,62,,,,
7706,อ. ปราณบุรี,Pran Buri,77,,,,
3020,อ. สีคิ้ว,Si Khio,30,,,,
1030,เขต จตุจักร,Chatuchak,10,,,,
5711,อ. เวียงป่าเป้า,Wiang Pa Pao,57,,,,
5212,อ. ห้างฉัตร,Hang Chat,52,,,,
3209,อ. ศีขรภูมิ,Sikhoraphum,32,,,,
5207,อ. วังเหนือ,Wang Nuea,52,,,,
3502,อ. ทรายมูล,Sai Mun,35,,,,
8207,อ. ทับปุด,Thap Put,82,,,,
2407,อ. ราชสาส์น,Ratchasan,24,,,,
3019,อ. ขามทะเลสอ,Kham Thale So,30,,,,
3319,อ. เบญจลักษ์,Benchalak,33,,,,
4001,อ. เมืองขอนแก่น,Mueang Khon Kaen,40,,,,
4704,อ. พรรณานิคม,Phanna Nikhom,47,,,,
3117,อ. โนนสุวรรณ,Non Din Daeng,31,,,,
3202,อ. ชุมพลบุรี,Chumphon Buri,32,,,,
9009,อ. รัตภูมิ,Rattaphum,90,,,,
4902,อ. นิคมคำสร้อย,Nikhom Kham Soi,49,,,,
8411,อ. ท่าฉาง,Tha Chang,84,,,,
6005,อ. บรรพตพิสัย,Banphot Phisai,60,,,,
8602,อ. ท่าแซะ,Tha Sae,86,,,,
9508,อ. กรงปีนัง,Krong Pinang,95,,,,
3421,อ. โพธิ์ไทร,Pho Sai,34,,,,
1050,เขต บางบอน,Bang Bon,10,,,,
3030,อ. บัวลาย,Bua Lai,30,,,,
4714,อ. เต่างอย,Tao Ngoi,47,,,,
3211,อ. ลำดวน,Lamduan,32,,,,
4502,อ. เกษตรวิสัย,Kaset Wisai,45,,,,
3503,อ. กุดชุม,Kut Chum,35,,,,
4109,อ. ศรีธาตุ,Si That,41,,,,
3705,อ. เสนางคนิคม,Senangkhanikhom,37,,,,
3407,อ. เดชอุดม,Det Udom,34,,,,
3317,อ. ภูสิงห์,Phu Sing,33,,,,
8003,อ. ลานสกา,Lan Saka,80,,,,
8410,อ. พนม,Phanom,84,,,,
6106,อ. บ้านไร่,Ban Rai,61,,,,
3113,อ. นาโพธิ์,Na Pho,31,,,,
7704,อ. บางสะพาน,Bang Saphan,77,,,,
3424,อ. ดอนมดแดง,Don Mot Daeng,34,,,,
3903,อ. โนนสัง,Non Sang,39,,,,
9104,อ. ท่าแพ,Tha Phae,91,,,,
3203,อ. ท่าตูม,Tha Tum,32,,,,
5307,อ. พิชัย,Phichai,53,,,,
4118,อ. น้ำโสม,Nam Som,41,,,,
4014,อ. แวงน้อย,Waeng Noi,40,,,,
4617,อ. ดอนจาน,Don Chan,46,,,,
3505,อ. ป่าติ้ว,Pa Tio,35,,,,
7101,อ. เมืองกาญจนบุรี,Mueang Kanchanaburi,71,,,,
7705,อ. บางสะพานน้อย,Bang Saphan Noi,77,,,,
3608,อ. หนองบัวระเหว,Nong Bua Rawe,36,,,,
3902,อ. นากลาง,Na Klang,39,,,,
6507,อ. วัดโบสถ์,Wat Bot,65,,,,
9605,อ. ระแงะ,Ra-ngae,96,,,,
3509,อ. ไทยเจริญ,Thai Charoen,35,,,,
1036,เขต ดอนเมือง,Don Mueang,10,,,,
3805,อ. ปากคาด,Pak Khat,38,,,,
3313,อ. โนนคูณ,Non Khun,33,,,,
8407,อ. ท่าชนะ,Tha Chana,84,,,,
3607,อ. บำเหน็จณรงค์,Bamnet Narong,36,,,,
4203,อ. เชียงคาน,Chiang Khan,42,,,,
3024,อ. โนนแดง,Non Daeng,30,,,,
4209,อ. วังสะพุง,Wang Saphung,42,,,,
3420,อ. ตาลสุม,Tan Sum,34,,,,
4602,อ. นามน,Na Mon,46,,,,
4002,อ. บ้านฝาง,Ban Fang,40,,,,
6012,อ. ตากฟ้า,Tak Fa,60,,,,
9016,อ. คลองหอยโข่ง,Khlong Hoi Khong,90,,,,
4103,อ. หนองวัวซอ,Nong Wua So,41,,,,
6210,อ. บึงสามัคคี,Bueng Samakkhi,62,,,,
4614,อ. ห้วยผึ้ง,Huai Phueng,46,,,,
3704,อ. พนา,Phana,37,,,,
8409,อ. บ้านตาขุน,Ban Ta Khun,84,,,,
3405,อ. เขมราฐ,Khemarat,34,,,,
3507,อ. ค้อวัง,Kho Wang,35,,,,
1611,อ. หนองม่วง,Nong Muang,16,,,,
3004,อ. คง,Khong,30,,,,
3426,อ. ทุ่งศรีอุดม,Thung Si Udom,34,,,,
3612,อ. แก้งคร้อ,Kaeng Khro,36,,,,
8005,อ. พิปูน,Phipun,80,,,,
8022,อ. ช้างกลาง,Chang Klang,80,,,,
3108,อ. บ้านกรวด,Ban Kruat,31,,,,
3703,อ. ปทุมราชวงศา,Pathum Ratchawongsa,37,,,,
1607,อ. ท่าหลวง,Tha Luang,16,,,,
3006,อ. จักราช,Chakkarat,30,,,,
1304,อ. หนองเสือ,Nong Suea,13,,,,
4125,อ. ประจักษ์ศิลปาคม,Prachaksinlapakhom,41,,,,
4211,อ. ภูหลวง,Phu Luang,42,,,,
2707,อ. เขาฉกรรจ์,Khao Chakan,27,,,,
4023,อ. หนองนาคำ,Nong Na Kham,40,,,,
3801,อ. บึงกาฬ,Bueng Kan,38,,,,
4105,อ. โนนสะอาด,Non Sa-at,41,,,,
3206,อ. กาบเชิง,Kap Choeng,32,,,,
2205,อ. มะขาม,Makham,22,,,,
2102,อ. บ้านฉาง,Ban Chang,21,,,,
6409,อ. ทุ่งเสลี่ยม,Thung Saliam,64,,,,
5503,อ. บ้านหลวง,Ban Luang,55,,,,
6502,อ. นครไทย,Nakhon Thai,65,,,,
4314,อ. สระใคร,Sakhrai,43,,,,
8014,อ. สิชล,Sichon,80,,,,
5208,อ. เถิน,Thoen,52,,,,
4808,อ. ศรีสงคราม,Si Songkhram,48,,,,
9010,อ. สะเดา,Sadao,90,,,,
6103,อ. สว่างอารมณ์,Sawang Arom,61,,,,
3017,อ. ชุมพวง,Chum Phuang,30,,,,
5702,อ. เวียงชัย,Wiang Chai,57,,,,
9504,อ. ธารโต,Than To,95,,,,
3015,อ. พิมาย,Phimai,30,,,,
4509,อ. หนองพอก,Nong Phok,45,,,,
4315,อ. เฝ้าไร่,Fao Rai,43,,,,
5009,อ. ฝาง,Fang,50,,,,
2010,อ. บ่อทอง,Bo Thong,20,,,,
3604,อ. เกษตรสมบูรณ์,Kaset Sombun,36,,,,
4717,อ. โพนนาแก้ว,Phon Na Kaeo,47,,,,
9304,อ. ตะโหมด,Tamot,93,,,,
6612,อ. วชิรบารมี,Wachirabarami,66,,,,
3028,อ. พระทองคำ,Phra Thong Kham,30,,,,
4705,อ. พังโคน,Phanh khon,47,,,,
3611,อ. บ้านแท่น,Ban Thaen,36,,,,
6708,อ. บึงสามพัน,Bueng Sam Phan,67,,,,
6008,อ. ท่าตะโก,Tha Tako,60,,,,
7206,อ. ดอนเจดีย์,Don Chedi,72,,,,
8605,อ. ละแม,Lamae,86,,,,
4611,อ. ท่าคันโท,Tha Khantho,46,,,,
5712,อ. พญาเม็งราย,Phaya Mengrai,57,,,,
6207,อ. ลานกระบือ,Lan Krabue,62,,,,
3106,อ. ละหานทราย,Lahan Sai,31,,,,
3412,อ. กุดข้าวปุ้น,Kut Khaopun,34,,,,
2104,อ. วังจันทร์,Wang Chan,21,,,,
4711,อ. อากาศอำนวย,Akat Amnuai,47,,,,
3115,อ. พลับพลาชัย,Phlapphla Chai,31,,,,
3122,อ. แคนดง,Khaen Dong,31,,,,
4412,อ. กุดรัง,Kut Rang,44,,,,
3616,อ. ซับใหญ่,Sap Yai,36,,,,
3213,อ. บัวเชด,Buachet,32,,,,
4305,อ. โพนพิสัย,Phon Phisai,43,,,,
6303,อ. สามเงา,Sam Ngao,63,,,,
3430,อ. นาตาล,Na Tan,34,,,,
6603,อ. โพธิ์ประทับช้าง,Pho Prathap Chang,66,,,,
1807,อ. หนองมะโมง,Nong Mamong,18,,,,
4202,อ. นาด้วง,Na Duang,42,,,,
4810,อ. โพนสวรรค์,Phon Sawan,48,,,,
6711,อ. เขาค้อ,Khao kho,67,,,,
3403,อ. โขงเจียม,Khong Chiam,34,,,,
8416,อ. พระแสง,Phrasaeng,84,,,,
4026,อ. เวียงเก่า,Wiang Kao,40,,,,
1602,อ. พัฒนานิคม,Phatthana Nikhom,16,,,,
6211,อ. โกสัมพีนคร,Kosamphi Nakhon,62,,,,
6504,อ. บางระกำ,Bang Rakam,65,,,,
6508,อ. วังทอง,Wang Thong,65,,,,
3023,อ. แก้งสนามนาง,Kaeng Sanam Nang,30,,,,
3102,อ. คูเมือง,Khu Mueang,31,,,,
6610,อ. บึงนาราง,Bueng Na Rang,66,,,,
6607,อ. สามง่าม,Sam Ngam,66,,,,
4024,อ. บ้านแฮด,Ban Haet,40,,,,
2708,อ. โคกสูง,Khok Sung,27,,,,
3606,อ. จัตุรัส,Chatturat,36,,,,
6706,อ. ศรีเทพ,Si Thep,67,,,,
3610,อ. ภูเขียว,Phu Khiao,36,,,,
3806,อ. บึงโขงหลง,Bueng Khong Long,38,,,,
3804,อ. เซกา,Seka,38,,,,
5602,อ. จุน,Chun,56,,,,
1021,เขต บางขุนเทียน,Bang Khun Thian,10,,,,
6204,อ. ขาณุวรลักษบุรี,Khanu Woralaksaburi,62,,,,
5206,อ. แจ้ห่ม,Chae Hom,52,,,,
2701,อ. เมืองสระแก้ว,Mueang Sa Kaeo,27,,,,
5708,อ. เชียงแสน,Chiang Saen,57,,,,
3215,อ. ศรีณรงค์,Si Narong,32,,,,
3214,อ. พนมดงรัก,Phanom Dong Rak,32,,,,
4119,อ. เพ็ญ,Phen,41,,,,
6302,อ. บ้านตาก,Ban Tak,63,,,,
2705,อ. วัฒนานคร,Watthana Nakhon,27,,,,
6710,อ. วังโป่ง,Wang Pong,67,,,,
4308,อ. สังคม,Sangkhom,43,,,,
4904,อ. ดงหลวง,Don Tan,49,,,,
3803,อ. โซ่พิสัย,So Phisai,38,,,,
4121,อ. หนองแสง,Nong Saeng,41,,,,
6707,อ. หนองไผ่,Nong Phai,67,,,,
5703,อ. เชียงของ,Chiang Khong,57,,,,
3508,อ. เลิงนกทา,Loeng Nok Tha,35,,,,
5020,อ. เวียงแหง,Wiang Haeng,50,,,,
4615,อ. สามชัย,Sam Chai,46,,,,
3432,อ. สว่างวีระวงศ์,Sawang Wirawong,34,,,,
3210,อ. สังขะ,Sangkha,32,,,,
9005,อ. เทพา,Thepha,90,,,,
9207,อ. วังวิเศษ,Wang Wiset,92,,,,
5002,อ. จอมทอง,Chom Thong,50,,,,
1912,อ. วังม่วง,Wang Muang,19,,,,
3615,อ. เนินสง่า,Noen Sa-nga,36,,,,
8415,อ. เวียงสระ,Wiang Sa,84,,,,
3408,อ. นาจะหลวย,Na Chaluai,34,,,,
2702,อ. คลองหาด,Khlong Hat,27,,,,
5107,อ. บ้านธิ,Ban Thi,51,,,,
5511,อ. สันติสุข,Santi Suk,55,,,,
9307,อ. ศรีบรรพต,Si Banphot,93,,,,
2108,อ. นิคมพัฒนา,Nikhom Phatthana,21,,,,
6705,อ. วิเชียรบุรี,Wichian Buri,67,,,,
3807,อ. ศรีวิไล,Si Wilai,38,,,,
8021,อ. นบพิตำ,Nopphitam,80,,,,
6602,อ. วังทรายพูน,Wang Sai Phun,66,,,,
4212,อ. ผาขาว,Pha Khao,42,,,,
2503,อ. นาดี,Na Di,25,,,,
4022,อ. โคกโพธิ์ไชย,Khok Pho Chai,40,,,,
5504,อ. นาน้อย,Na Noi,55,,,,
4713,อ. ส่องดาว,Song Dao,47,,,,
8018,อ. ถ้ำพรรณรา,Tham Phannara,80,,,,
7111,อ. ด่านมะขามเตี้ย,Dan Makham Tia,71,,,,
5502,อ. แม่จริม,Mae Charim,55,,,,
8204,อ. ตะกั่วทุ่ง,Takua Thung,82,,,,
3702,อ. ชานุมาน,Chanuman,37,,,,
4102,อ. กุดจับ,Kut Chap,41,,,,
4110,อ. วังสามหมอ,Wang Sam Mo,41,,,,
8010,อ. นาบอน,Na Bon,80,,,,
4716,อ. เจริญศิลป์,Charoen Sin,47,,,,
8414,อ. เคียนซา,Khian Sa,84,,,,
3027,อ. เมืองยาง,Mueang Yang,30,,,,
6309,อ. วังเจ้า,Wang Chao,63,,,,
9613,อ. เจาะไอร้อง,Cho-airong,96,,,,
9308,อ. ป่าบอน,Pa Bon,93,,,,
3429,อ. นาเยีย,Na Yia,34,,,,
3409,อ. น้ำยืน,Nam Yuen,34,,,,
8107,อ. ลำทับ,Lam Thap,81,,,,
6208,อ. ทรายทองวัฒนา,Sai Thong Watthana,62,,,,
5714,อ. ขุนตาล,Khun Tan,57,,,,
9609,อ. สุคิริน,Sukhirin,96,,,,
4214,อ. หนองหิน,Nong Hin,42,,,,
3026,อ. เทพารักษ์,Thepharak,30,,,,
6402,อ. บ้านด่านลานหอย,Ban Dan Lan Hoi,64,,,,
5016,อ. ฮอด,Hot,50,,,,
6308,อ. อุ้มผาง,Um Phang,63,,,,
4208,อ. ท่าลี่,Tha Li,42,,,,
2003,อ. หนองใหญ่,Nong Yai,20,,,,
3410,อ. บุณฑริก,Boontharik,34,,,,
2208,อ. แก่งหางแมว,Kaeng Hang Maeo,22,,,,
4710,อ. บ้านม่วง,Ban Muang,47,,,,
2303,อ. เขาสมิง,Khao Saming,23,,,,
5710,อ. แม่สรวย,Mae Suai,57,,,,
2409,อ. แปลงยาว,Pleang Yao,24,,,,
4017,อ. มัญจาคีรี,Mancha Khiri,40,,,,
6107,อ. ลานสัก,Lan Sak,61,,,,
6608,อ. ทับคล้อ,Tap Khlo,66,,,,
3433,อ. น้ำขุ่น,Nam Khun,34,,,,
4210,อ. ภูกระดึง,Phu Kradueng,42,,,,
8011,อ. ทุ่งใหญ่,Thung Yai,80,,,,
2210,อ. เขาคิชฌกูฏ,Khao Khitchakut,22,,,,
9006,อ. สะบ้าย้อย,Saba Yoi,90,,,,
7210,อ. หนองหญ้าไซ,Nong Ya Sai,72,,,,
6304,อ. แม่ระมาด,Mae Ramat,63,,,,
5713,อ. เวียงแก่น,Wiang Kaen,57,,,,
2106,อ. ปลวกแดง,Pluak Daeng,21,,,,
9503,อ. บันนังสตา,Bannang Sata,95,,,,
4123,อ. พิบูลย์รักษ์,Phibun Rak,41,,,,
6108,อ. ห้วยคต,Huai Khot,61,,,,
5209,อ. แม่พริก,Mae Phrik,52,,,,
1808,อ. เนินขาม,Noen Kham,18,,,,
4213,อ. เอราวัณ,Erawan,42,,,,
8208,อ. ท้ายเหมือง,Thai Mueang,82,,,,
2011,อ. เกาะจันทร์,Ko Chan,20,,,,
6509,อ. เนินมะปราง,Noen Maprang,65,,,,
5606,อ. ปง,Pong,56,,,,
6702,อ. ชนแดน,Chon Daen,67,,,,
4108,อ. ไชยวาน,Chai Wan,41,,,,
5718,อ. ดอยหลวง,Doi Luang,57,,,,
6202,อ. ไทรงาม,Sai Ngam,62,,,,
2207,อ. สอยดาว,Soi Dao,22,,,,
7608,อ. แก่งกระจาน,Kaeng Krachan,76,,,,
8017,อ. บางขัน,Bang Khan,80,,,,
5407,อ. วังชิ้น,Wang Chin,54,,,,
8203,อ. กะปง,Kapong,82,,,,
1609,อ. โคกเจริญ,Khok Charoen,16,,,,
2304,อ. บ่อไร่,Bo Rai,23,,,,
6015,อ. ชุมตาบง,Chum Ta Bong,60,,,,
4207,อ. ภูเรือ,Phu Ruea,42,,,,
9502,อ. เบตง,Betong,95,,,,
5717,อ. เวียงเชียงรุ้ง,Wiang Chiang Rung,57,,,,
7110,อ. เลาขวัญ,Lao Khwan,71,,,,
2204,อ. โป่งน้ำร้อน,Pong Nam Ron,22,,,,
8106,อ. ปลายพระยา,Plai Phraya,81,,,,
6009,อ. ไพศาลี,Phaisali,60,,,,
5510,อ. นาหมื่น,Na Muen,55,,,,
6307,อ. พบพระ,Phop Phra,63,,,,
7002,อ. จอมบึง,Chom Bueng,70,,,,
2107,อ. เขาชะเมา,Khao Chamao,21,,,,
2704,อ. วังน้ำเย็น,Wang Nam Yen,27,,,,
5804,อ. แม่สะเรียง,Mae Sariang,58,,,,
4122,อ. นายูง,Na Yung,41,,,,
9107,อ. มะนัง,Manang,91,,,,
5104,อ. ลี้,Li,51,,,,
3808,อ. บุ่งคล้า,Bung Khla,38,,,,
9103,อ. ควนกาหลง,Khuan Kalong,91,,,,
7603,อ. หนองหญ้าปล้อง,Nong Ya Plong,76,,,,
4811,อ. นาทม,Na Thom,48,,,,
4709,อ. คำตากล้า,Kham Ta Kla,47,,,,
4702,อ. กุสุมาลย์,Kusuman,47,,,,
7203,อ. ด่านช้าง,Dan Chang,72,,,,
7003,อ. สวนผึ้ง,Suan Phueng,70,,,,
5204,อ. เสริมงาม,Soem Ngam,52,,,,
6013,อ. แม่วงก์,Mae Wong,60,,,,
8104,อ. คลองท่อม,Khlong Thom,81,,,,
5211,อ. สบปราบ,Sop Prap,52,,,,
2703,อ. ตาพระยา,Ta Phraya,27,,,,
1911,อ. มวกเหล็ก,Muak Lek,19,,,,
5305,อ. ฟากท่า,Fak Tha,53,,,,
7113,อ. ห้วยกระเจา,Huai Krachao,71,,,,
3605,อ. หนองบัวแดง,Nong Bua Daeng,36,,,,
8418,อ. ชัยบุรี,Chai Buri,84,,,,
4204,อ. ปากชม,Pak Chom,42,,,,
5309,อ. ทองแสนขัน,Thong Saen Khan,53,,,,
3025,อ. วังน้ำเขียว,Wang Nam Khiao,30,,,,
6209,อ. ปางศิลาทอง,Pang Sila Thong,62,,,,
4718,อ. ภูพาน,Phu Phan,47,,,,
5806,อ. สบเมย,Sop Moei,58,,,,
6503,อ. ชาติตระการ,Chat Trakan,65,,,,
5715,อ. แม่ฟ้าหลวง,Mae Fa Luang,57,,,,
4206,อ. นาแห้ว,Na Haeo,42,,,,
7708,อ. สามร้อยยอด,Sam Roi Yot,77,,,,
7010,อ. บ้านคา,Ban Kha,70,,,,
7112,อ. หนองปรือ,Nong Prue,71,,,,
5805,อ. แม่ลาน้อย,Mae La Noi,58,,,,
3003,อ. เสิงสาง,Soeng Sang,30,,,,
9507,อ. กาบัง,Kabang,95,,,,
3614,อ. ภักดีชุมพล,Phakdi Chumphon,36,,,,
2709,อ. วังสมบูรณ์,Wang Sombun,27,,,,
5003,อ. แม่แจ่ม,Mae Chaem,50,,,,
7102,อ. ไทรโยค,Sai Yok,71,,,,
3021,อ. ปากช่อง,Pak Chong,30,,,,
3609,อ. เทพสถิต,Thep Sathit,36,,,,
8102,อ. เขาพนม,Khao Phanom,81,,,,
5508,อ. ทุ่งช้าง,Thung Chang,55,,,,
5306,อ. บ้านโคก,Ban Khok,53,,,,
8606,อ. พะโต๊ะ,Phato,86,,,,
5512,อ. บ่อเกลือ,Bo Kluea,55,,,,
2408,อ. สนามชัยเขต,Sanam Chai Khet,24,,,,
6709,อ. น้ำหนาว,Nam Nao,67,,,,
4703,อ. กุดบาก,Kut Bak,47,,,,
5202,อ. แม่เมาะ,Mae Mo,52,,,,
5105,อ. ทุ่งหัวช้าง,Thung Hua Chang,51,,,,
5213,อ. เมืองปาน,Mueang Pan,52,,,,
5604,อ. เชียงม่วน,Chiang Muan,56,,,,
7107,อ. ทองผาภูมิ,Thong Pha Phum,71,,,,
5802,อ. ขุนยวม,Khun Yuam,58,,,,
5008,อ. สะเมิง,Samoeng,50,,,,
5004,อ. เชียงดาว,Chiang Dao,50,,,,
5025,อ. กัลยาณิวัฒนา,Kanlayaniwatthana,50,,,,
5513,อ. สองแคว,Song Khwae,55,,,,
5304,อ. น้ำปาด,Nam Pat,53,,,,
6305,อ. ท่าสองยาง,Tha Song Yang,63,,,,
5515,อ. เฉลิมพระเกียรติ,Chaloem Phra Kiet,55,,,,
7104,อ. ศรีสวัสดิ์,Si Sawat,71,,,,
7103,อ. บ่อพลอย,Bo Phloi,71,,,,
5807,อ. ปางมะผ้า,Pang Mapha,58,,,,
8419,อ. วิภาวดี,Chai Buri,84,,,,
6203,อ. คลองลาน,Khlong Lan,62,,,,
5018,อ. อมก๋อย,Omkoi,50,,,,
6014,อ. แม่เปิน,Mae Pern,60,,,,
2410,อ. ท่าตะเกียบ,Tha Takiap,24,,,,
7108,อ. สังขละบุรี,Sangkhla Buri,71,,,,
